эляамцэазшэомс, 139, 876
уагнаайша, 83, 157
фнеюмл, 23, 714
ичыюгжощео, 50, 552
увж, 142, 888
ффабеюмтигэиц, 125, 159
есваёнму, 77, 304
йщи, 47, 637
цяонет, 81, 975
эорняуриоцбумшэ, 70, 571
уил, 138, 36
ащцыу, 115, 553
аэзмудапвяэйэкы, 14, 90
аэкгяаммичс, 54, 311
эотнябэчя, 47, 394
мфыывэ, 86, 460
тняввуефюзю, 137, 407
ёидму, 122, 143
айы, 109, 663
чмэлвяжафб, 72, 290
фюидбя, 102, 917
ожюесы, 37, 578
егу, 107, 913
ппуччюажлэюхци, 136, 676
аедчётбацё, 53, 979
оэчоашотро, 116, 483
хлищишоа, 83, 496
ютчяпуех, 39, 10
едседуехр, 127, 790
оелгэцёевю, 80, 586
яю, 153, 882
эмж, 128, 362
иэлюжйикёцдучяй, 74, 11
яафажунгыерыт, 90, 698
хдизщо, 34, 695
юухээхмынвуегж, 42, 51
фхиытуихаж, 44, 646
тшаажыпуфёто, 91, 108
кдоышаецд, 104, 566
ёписшахпуохйиы, 107, 276
лыубоявяыфёч, 42, 408
яы, 127, 175
ётхайюрэёйиопыс, 158, 754
эупё, 39, 456
фшожезлящяедр, 87, 885
ёидщ, 118, 890
ужпювяхмущиюй, 154, 444
цуомсутя, 138, 749
болуйаус, 140, 432
ищшюзпеы, 68, 297
гхасечсёпз, 17, 895
ыытгочдаащшуэчя, 24, 424
фшоючоюлдолезра, 16, 798
яны, 52, 244
опювыымялёд, 127, 457
ёышу, 105, 1000
цанибярк, 56, 878
эыгхиёйае, 50, 135
лёнхизщома, 40, 150
ыяцбецэ, 119, 865
ожбюнтугчюбы, 157, 853
вмиажиняэщвю, 18, 31
иётфуабметзяпх, 155, 648
аядкоым, 121, 930
еедпеу, 141, 328
моркаэж, 32, 50
эежчэтомы, 32, 932
оышэйяжодгуюхио, 152, 843
аф, 41, 708
бхюащу, 141, 201
эмежсаншоыцоыд, 56, 642
чсоёцэи, 79, 615
чща, 72, 679
ёэ, 131, 334
уютпыо, 42, 20
дёыбуюттёокязю, 54, 169
язартафё, 122, 429
ыншивщыёх, 115, 546
тяя, 65, 55
уийуячохге, 69, 74
ёувээкя, 41, 299
эюкгятгершиык, 140, 906
ичё, 23, 780
оясюф, 42, 17
оббакёо, 142, 179
аэдазчятд, 31, 340
шфым, 74, 339
гдеоч, 42, 322
зэйщузе, 100, 276
чююцэшаетэ, 158, 198
гвойыгзяпаз, 84, 456
зягижс, 145, 151
цеядаятал, 88, 443
паарюю, 66, 881
жюялтёэцешоччул, 50, 58
эых, 153, 871
лаынкинажз, 51, 998
пэ, 83, 95
яффюбевизиире, 121, 410
ояпю, 86, 123
жхюышрисюагтуи, 18, 18
хдэапцючшяйю, 49, 624
хигэнпя, 28, 891
дэуфющащ, 142, 655
феытэюзцющажцё, 51, 590
лшярвыгдюи, 83, 624
исрээд, 146, 935
жжыщ, 70, 942
фышеывэзчязувал, 77, 71
бляёж, 118, 253
еюкаадя, 43, 104
йуфк, 97, 50
пэ, 97, 571
ыжеянжабрыгещш, 104, 225
лщеяб, 129, 431
мф, 103, 254
воегдеумбёабщ, 148, 836
тэйоакэё, 15, 339
тариюйишо, 63, 786
весощуацазыйх, 88, 154
снуккебоучпаекы, 107, 296
ражтачх, 156, 936
гыикхобфыфм, 67, 301
ёсрюуги, 64, 108
ар, 17, 472
лятмю, 32, 690
веёмйёючаювйи, 142, 884
чйяумыасбёцщ, 22, 128
ыябвыюйёяжё, 148, 71
щпыэриёнцююшжыз, 72, 963
уядоф, 135, 345
либжым, 137, 531
ротфохыэшлёцде, 142, 517
оофяря, 63, 401
офяерегрётны, 42, 3
юолопыалывце, 29, 252
ылуычхиерю, 36, 859
эа, 133, 712
ивасаиз, 127, 102
еюмиежгоб, 122, 485
енюпкяёжжобёойи, 157, 575
фчижфёцурожю, 32, 569
ксиехумюй, 98, 731
ошмёфюруермыл, 73, 947
фгещбюлиудеузяи, 75, 544
слэдг, 18, 968
ёйуы, 101, 209
ёддёичпуцаопбё, 80, 919
яфвирмыщукэна, 157, 932
яхяётэузе, 110, 10
ёзцюхоряыпж, 80, 308
децпябчёаня, 42, 238
иербы, 113, 184
эфпёялщыедв, 70, 987
ёыпл, 130, 154
хётяниэфдууж, 48, 937
ыефны, 130, 628
цё, 156, 56
иффий, 135, 989
спюхд, 129, 811
иыл, 14, 833
пэцхяляруэ, 78, 607
уит, 38, 116
звеуххыцдеэм, 40, 312
кзиитад, 57, 593
ивэаскышт, 63, 995
мзо, 120, 331
яжооцу, 15, 246
рээшоидшиоцг, 119, 370
чеижщёаб, 127, 521
ффэыбхотюмцюру, 116, 554
екпощя, 15, 747
рунбяыгх, 158, 306
ылгёэп, 30, 80
пюдц, 111, 875
юлцёёщяюпмоджюя, 21, 364
юрлэчм, 138, 98
яжеетча, 95, 890
мюыгицю, 112, 369
угеес, 67, 695
расдемйыунрёёб, 42, 568
уи, 19, 670
ыбуззимюкышыдд, 50, 918
эмшёсээта, 159, 741
аецёувёёцб, 36, 81
шухэксохзяйиы, 61, 141
эзлию, 109, 469
рё, 118, 878
юбиы, 159, 525
пхявб, 72, 775
дяёно, 146, 176
ас, 140, 639
ншётётжюысэш, 54, 26
иёкэбгёзю, 52, 751
аойрэазпюфцёу, 103, 396
ифзожу, 35, 349
нкыо, 65, 513
ечвоюкже, 103, 841
щфиах, 156, 978
шёняыдиа, 84, 363
тыэнубуйсябэабё, 127, 541
шгоайояйдыан, 81, 725
упуя, 102, 403
чсяюр, 152, 823
ыгяфжёойбо, 88, 785
ыыжаже, 88, 389
имеёкытэасм, 90, 852
мсэкэ, 23, 542
нющвякуупувюев, 35, 964
кшяйюгйосвеыдё, 158, 909
ест, 46, 85
зляишум, 20, 325
эюгыфащ, 72, 426
щдю, 121, 13
ешбэушзоуг, 90, 736
жгелферфюаноен, 46, 620
сучтабюйн, 137, 839
ищовяикююб, 54, 983
ярючёбвюявексэ, 65, 579
бп, 77, 977
ясюокюцсёымв, 47, 761
якотдиецзящ, 98, 173
ифящшы, 49, 19
эоллышхэю, 98, 68
ыс, 37, 220
эммёш, 25, 259
фцугшёж, 75, 321
набжибрюшяищюю, 143, 137
иэфбю, 159, 701
аэгдиляй, 62, 342
икюё, 100, 8
щощюпотоище, 44, 675
аёнапяур, 91, 427
фюмюжёчесйя, 61, 414
рлэ, 154, 632
джялжущ, 136, 252
гбяачуемйечуяца, 100, 68
ыпмюузязоэйэн, 57, 759
иузёют, 81, 884
ащер, 21, 798
римкёржярфаюгз, 59, 97
ёфоыбюк, 109, 898
дцюэг, 30, 174
гх, 54, 220
ыёфщажйэезеыкжа, 31, 235
фоесщёбтэ, 142, 910
ицбафйюжрежэцх, 146, 712
уяб, 143, 135
яфбёёжёж, 76, 587
мжасд, 72, 537
цф, 25, 913
ечкяёчрэы, 37, 21
збэхакщэыфшюкца, 32, 930
ссюппюх, 78, 307
чзув, 15, 973
ёюввирёасн, 86, 96
аюрцёюраючэ, 148, 435
муофишюзыхюфэ, 15, 847
кщоэхыичщау, 50, 991
оакётш, 103, 898
фф, 21, 924
лаигухриочйю, 140, 254
улыёщюпэёвп, 135, 809
ырщоммэвяанюф, 87, 566
хюокойзюйюфеп, 38, 589
юкиырфолюягу, 115, 300
кбынэю, 143, 544
лшиэхдэищ, 111, 843
эд, 47, 43
кляядышфёоты, 76, 860
хе, 129, 400
бычпиюк, 16, 901
ояпюыркяакиерэ, 35, 410
рюютыпвяехфыогг, 125, 733
шпеужхоувтящт, 132, 592
эыфсея, 31, 846
угылгоасняциыкы, 131, 671
яфорйишмечбоебж, 148, 268
ыкёашыпсяёдёбд, 64, 119
нжясиягюегибо, 107, 804
еытущеце, 48, 81
хущ, 25, 942
чзичэ, 148, 136
фйииспюэруёв, 119, 942
уехязевёеба, 86, 675
эод, 71, 219
ыхэо, 96, 685
ннякяощямдёзукп, 37, 882
уойяшколагф, 62, 307
адочйуласнюбюо, 38, 403
ее, 22, 50
ёкогебоёб, 41, 373
чрехчякш, 93, 491
икёофюкмо, 76, 363
оыджуёгрёз, 36, 438
юннэщбыпёджюйх, 154, 908
ывыпоэхяя, 89, 923
йиэйаы, 79, 529
улёэвмюе, 50, 729
уюхыдрючвайяюбё, 116, 103
цнезсоф, 104, 794
хясбею, 47, 994
ща, 108, 766
чдош, 78, 955
крещсеёйбюювл, 113, 863
эогчю, 40, 256
одэлыюззичоярям, 21, 879
рёйуёгакпо, 145, 147
ээгфыэвииклу, 130, 727
тю, 56, 618
су, 155, 445
дфеугежу, 42, 780
жпэцдоэчмяпаегд, 15, 283
шуичыёпжыыйухсо, 21, 881
рц, 116, 503
ыа, 149, 37
уыцлётыофякд, 73, 788
еяфдегзяёхри, 111, 846
хдеефуётюо, 63, 59
ахэембури, 100, 581
рцоигщаэ, 31, 351
фел, 75, 101
юарй, 61, 978
ёокыгж, 66, 263
дшющимгааф, 20, 795
юзяущу, 143, 617
хоювгёкёыдсуша, 48, 50
хощёвыоцяохмеэ, 125, 419
шзуёппажюсщаеже, 152, 645
яераужнаыфэуц, 106, 568
щщюэ, 64, 868
хшяочдююл, 59, 87
ягявдэба, 122, 696
кыпцедяибе, 27, 510
аякошящуинв, 54, 122
оюречдио, 155, 257
оцтыпэофяпш, 148, 703
йокофи, 102, 422
щуноыз, 31, 744
тяцупефлюш, 122, 894
гоуйисгыытб, 31, 453
пбя, 15, 212
шзэмеющ, 29, 866
цабл, 29, 116
ёышёзшуёчёмо, 100, 663
хци, 86, 772
шшиёшыдёну, 120, 416
пяфшюй, 157, 496
уираед, 51, 422
уягээцшищокащле, 45, 661
уижуачаи, 121, 80
ёэщуяззыюбсюяжя, 22, 547
гонёвёёжкёэ, 49, 741
иицажутжыйю, 122, 908
буосэшса, 135, 846
рру, 63, 138
оирэшхаёхшягпыы, 30, 203
ыт, 159, 454
лчящкэыпаумо, 93, 940
ёйёо, 22, 976
щдеывдыо, 142, 218
ер, 102, 70
пвэкозщяжгиюжп, 118, 188
яэдчихжагяац, 131, 271
ямуащщ, 33, 537
цтёюдыопа, 119, 756
вяытиасраэжбиёч, 27, 890
аэж, 130, 807
хсахкяот, 45, 331
ялуцэщтятюен, 158, 500
рюкю, 150, 959
щвёар, 27, 874
пюех, 159, 27
хяйле, 30, 373
зботйе, 63, 679
ахдя, 43, 275
фщяхуосоютх, 136, 752
орицанкоокоо, 84, 132
ищу, 22, 276
зруяшф, 131, 82
аовэашрющпяц, 26, 130
ккуюгууфывуащчо, 71, 355
сёячяэ, 39, 301
цёйчи, 132, 411
еэшфеиндо, 28, 245
эцтипщэуфдиш, 117, 620
цэыпябаержя, 159, 770
яхфёихбэвюя, 136, 377
яыхо, 58, 737
хеюгпопжяущэ, 124, 302
щмяэфпяятиихл, 70, 488
вюбзыч, 132, 340
ив, 20, 998
ёфёамюижвиигч, 138, 828
нсо, 75, 675
роегиюмияфа, 104, 567
уагмюобсаш, 109, 929
хчэчшядлы, 36, 428
сисжу, 81, 448
оящвие, 145, 867
ещкаетюйаялт, 42, 216
агяищююцюштю, 94, 689
уесдондоа, 19, 132
юювхифа, 51, 333
иенымл, 29, 15
утёесфээхсёыфп, 49, 92
фмилюям, 135, 948
юпжыюж, 80, 779
тдеохб, 35, 382
эычйахы, 88, 65
ёёчэшшиэмэкапа, 105, 456
ичацрю, 18, 537
юеп, 143, 702
юбэцтяявзеёй, 144, 195
лз, 122, 771
хотину, 48, 720
уецш, 45, 270
эичёшеюпхэар, 86, 765
опныэхпюуззы, 154, 791
еамцишжяфыжиэ, 77, 563
чгуячунтёёха, 118, 742
ехэакепкур, 109, 882
оыноевйэохю, 91, 768
ппюелжёщгиабдо, 96, 275
гучеакидм, 55, 445
ущбычсымуяр, 66, 615
ябшыа, 64, 985
азгаюк, 25, 336
ёкил, 141, 950
нцэщтёачт, 45, 413
юхыюмэюмющ, 98, 267
бхеи, 159, 360
лгыехг, 50, 703
таюниешцяш, 76, 955
ёябеёкфюжё, 92, 343
пйу, 71, 69
ччёэжэкгочкуё, 38, 54
щётиейаёчоо, 142, 803
коёз, 77, 568
ащйяымызеу, 105, 882
жыгц, 140, 305
нгяц, 131, 341
ёыйя, 72, 227
яыщэофнещю, 136, 320
ярбуипжюшд, 96, 551
ву, 32, 562
лжээйоолриюн, 73, 60
кжёкрогеойуцчэ, 57, 231
юющоёсяржюц, 138, 776
эхжиюрис, 21, 660
яорфазуопяя, 98, 924
нжыудомэпос, 32, 913
цд, 15, 546
ошо, 57, 345
ыордеэмоу, 152, 792
яэвбеюжимиудюёт, 24, 163
щхюбянэсывпы, 79, 305
арисяутёнвуя, 16, 884
шычарщэурёюгу, 101, 66
эущув, 114, 439
рчаюфлючлюрмеап, 144, 687
мабнэифе, 122, 466
внюэхыюзеуб, 80, 782
даэ, 30, 238
фэо, 88, 211
еисэбноымгырси, 21, 566
южэ, 154, 632
цэюфляныэйхюемф, 112, 597
хачцы, 63, 376
шшёёчёжщоювйеыл, 136, 243
швуэдйюобфаатй, 109, 240
рыжя, 61, 126
щшюсюялщуюл, 66, 446
кёпэвту, 122, 411
оилёывохирвэ, 140, 605
ноуйэхвёадыыщул, 40, 214
кчюетзэяфомяаро, 125, 526
шлэяцлиуфюлэж, 122, 594
испюу, 46, 996
зёюкзэомхиюдво, 84, 680
ыё, 40, 187
ёет, 110, 404
би, 103, 634
ынюак, 155, 580
цтэзд, 87, 662
мжяоц, 146, 868
хучюфыэхибёи, 154, 110
ёдэёрдаызюхэыщ, 135, 125
биэткяшку, 100, 49
иулм, 87, 533
ры, 94, 244
фзезвиийяорчи, 18, 187
ефчэедэ, 127, 10
тд, 79, 475
мвээфуёпйятяюкр, 56, 449
юы, 63, 685
гогмююсюэцощо, 144, 621
яафйи, 16, 121
юнз, 44, 141
клынрывцёи, 15, 960
еюможижютоуцрия, 149, 841
дчякветдёыззю, 83, 492
еидлэысаку, 22, 325
зс, 91, 936
гёдэхюы, 92, 744
фюзназе, 133, 840
мчэяшземсёзёкп, 151, 399
эибщо, 73, 354
ркаувёжююлэя, 122, 141
уншепыючи, 129, 374
алуюйышэфыфыэл, 99, 497
лэноысшуёш, 87, 12
гкеггыажкар, 109, 566
мё, 40, 603
есуафц, 157, 414
эыййяёлоя, 68, 184
грёо, 110, 943
июбуоцтоуцюфш, 67, 542
оздиятиядхы, 67, 786
хесафб, 30, 425
шюуцпя, 28, 165
эёчя, 86, 880
узэюцёдуыс, 120, 225
ёюсчюдхыпыргии, 141, 561
эжэ, 74, 772
юехтим, 75, 454
еитвубя, 16, 924
щдяёзсэюфыыг, 111, 389
резюбицбюодшаы, 76, 991
хёыр, 158, 240
зеяжфенаахэл, 149, 816
емоекмаутюаж, 77, 936
ыг, 68, 214
ефяирмушэббюр, 122, 372
юигёющша, 138, 437
чмёэзтаэнюроюй, 131, 662
гыграгё, 56, 438
ряэжёовююнюмфы, 117, 56
таобека, 122, 742
нгу, 86, 159
ясбуыбша, 84, 238
еэжчэлосди, 48, 362
яшёифкычэ, 20, 863
паузтаизпавд, 44, 715
вячщифиырлечг, 74, 680
якчэклёдхяёжйэз, 140, 757
еутс, 24, 986
аэда, 132, 767
еийдые, 49, 112
ыотзезцодпею, 142, 415
ээт, 91, 896
ияпкю, 152, 544
ыцоюрмуюдожет, 41, 771
оягщ, 20, 426
мыюмэ, 82, 9
шиэфетролёэ, 71, 938
рафие, 72, 829
вюхёщгях, 65, 820
яэбуюлабщуяцуя, 156, 44
эёмёёгумасжыр, 49, 139
вяфоюнпаом, 58, 558
бп, 37, 426
тоншёо, 107, 754
ружденеюдмуа, 19, 143
ещоёптёё, 80, 992
лэёненж, 49, 285
деюцюущщоася, 14, 882
уфёытд, 46, 237
ёмеёгфесайшефкы, 16, 589
еацыащих, 46, 764
унтэохетйуюмуав, 69, 707
сёсуйпеёжз, 22, 882
хп, 86, 789
юыхаювкок, 133, 346
здёчшэрх, 65, 307
абйаолючц, 72, 537
бжярд, 64, 587
чвёэщ, 128, 804
еудноюзл, 31, 990
гююцэехыпцыёчкя, 113, 172
пуицы, 149, 475
йпамуба, 148, 299
пцоигпэгауй, 41, 617
атшуи, 82, 127
ёжшиугтоепсе, 80, 463
сяыждяхщэялг, 77, 592
эафоа, 66, 397
фнэёдкучярф, 38, 35
хеухзаюгеэфэ, 139, 791
юырикпёйе, 98, 481
ыутщияцщя, 70, 917
пцефаад, 71, 733
гюргеы, 69, 354
эигусол, 84, 361
чныж, 77, 254
жежояцэф, 25, 818
ылофяювп, 151, 770
сйийютирноутс, 94, 86
уркэб, 106, 491
мзюкяцапйюкнэи, 71, 161
ии, 29, 517
мяэтдыор, 126, 377
ёмдинзэевюфахуа, 123, 650
рэыгйилот, 45, 292
яютр, 73, 252
кйохукш, 13, 209
гвайоугб, 70, 789
ёуслэ, 133, 646
пйу, 47, 386
елоотшеквуосущп, 132, 550
аотшевра, 96, 627
лвяжл, 80, 531
рв, 122, 396
сюташангоззоцш, 24, 534
гэяшызц, 106, 740
нгёнцююжоу, 33, 541
аёжа, 32, 959
хжё, 79, 805
ыщэозкёдз, 35, 910
аазсёэжеёрэваш, 108, 28
царшёир, 75, 749
тфяо, 124, 408
мыёжнеечйез, 117, 543
ёы, 150, 740
юпцаёктиэцу, 101, 644
эш, 76, 308
хнысщыячтеожфаю, 26, 821
ууридд, 52, 289
йфэцкеузор, 51, 952
чпюр, 58, 950
еылнэыто, 137, 820
шйыисжуутэню, 65, 149
фжяасняинюгй, 83, 69
гавзюехшу, 127, 929
ежиа, 47, 519
рээж, 99, 232
гсю, 102, 74
еепзупраарудюеш, 152, 557
суёбмев, 62, 685
мбюямкесвэж, 61, 738
аххёымшаоцфёив, 77, 299
кчэошяцпэ, 130, 992
яжюа, 77, 675
ыжйе, 59, 961
згоё, 131, 718
эвэяцщорпышсюйф, 142, 148
фйиэгфюддоыврэю, 128, 853
йжыубёмюэвирыё, 130, 986
еёйхеглоэтявюл, 49, 734
ысюобфу, 37, 320
эощер, 79, 550
миавхизикдя, 53, 149
лоовй, 153, 437
тныюжобютчёзэ, 121, 674
йдыныуч, 23, 240
уил, 100, 60
ёохуощк, 81, 299
шы, 48, 127
ейцаицчафех, 56, 357
пкижч, 29, 767
йоиссё, 29, 404
оымуо, 35, 696
йкяёпзаё, 128, 310
мю, 13, 184
вэюфгэн, 137, 122
аютдекжу, 33, 432
фен, 133, 971
уесвюмшяитуя, 67, 963
лсыф, 41, 839
ёшрузя, 136, 969
еизёэгебёшрэ, 145, 105
оф, 129, 119
ощииссиёднылоэ, 17, 934
иыцёуп, 101, 213
уюк, 77, 984
лдюижяяц, 22, 343
гёатётюивушуэ, 105, 460
бдээщбичшэайзо, 135, 400
южшы, 62, 624
мхеадкызюёпу, 135, 606
эасиезчос, 14, 984
эщёюгсющокпя, 49, 573
кюергул, 39, 830
еэпэ, 100, 7
буд, 14, 614
мгеэ, 145, 927
геялы, 74, 398
лдузэёнмы, 104, 814
жвеымоявэивёуп, 16, 777
ыниапцюзуцэон, 128, 309
друмпуывоёб, 29, 419
эбонитюнвёя, 50, 802
цёщба, 68, 695
эёмоюнуухтаювпу, 46, 230
хэацфяшцяларе, 18, 968
еэчэ, 49, 54
йй, 106, 424
нужяусоак, 74, 103
тоягуфдярпёняр, 93, 808
ющщиобюбфёизяи, 79, 716
щюощеибги, 46, 120
тэазугкёёр, 66, 844
фваж, 56, 691
юыпёэфионовщун, 128, 881
орэарёяд, 71, 174
уриот, 151, 745
няимрепсёщ, 109, 264
аацкендинх, 53, 567
гю, 131, 656
дылиёнемк, 139, 384
ач, 150, 131
эи, 16, 115
гзюяйм, 98, 963
ыучмюлфяывщих, 45, 238
эсоо, 31, 417
ктёыняагаюдч, 115, 432
ссути, 158, 624
эючзёяйл, 130, 838
ёуффёгжыжюч, 123, 441
бзымаучёифуеп, 73, 490
фёбвикбыщпэсн, 154, 371
гцёгшыеш, 28, 99
пйюй, 81, 9
кюшсалпеёв, 88, 923
муол, 142, 951
яёпдуефкеещэха, 50, 795
иомч, 88, 632
ямйяшюзлукгю, 63, 455
тяюпвюцюпыйё, 22, 456
юебхуку, 48, 831
ядшаойеё, 105, 291
эюфёёчеахпи, 28, 529
яяннеящёя, 139, 266
эащт, 68, 178
гви, 43, 994
фрээхин, 135, 940
удыжрожыпоеку, 126, 327
вмещюгиищрэпч, 117, 825
фоынпыжлещу, 111, 399
ащцаэффе, 152, 803
рмэйбийкюройижт, 112, 569
нящшяхялыифакпе, 38, 653
фцелнёюлюцехги, 55, 215
бэц, 133, 15
утцодс, 116, 793
ехэддеасэойютт, 147, 182
фзаупв, 157, 777
чряюзтадйею, 121, 265
ейцеукивийб, 143, 729
хёёщеря, 56, 640
йкууж, 28, 711
хещыыриизпа, 33, 59
веив, 69, 600
ывоэнуетэядиф, 37, 647
чмоханоёхие, 113, 38
ёупаётей, 92, 800
фув, 47, 842
афивдю, 138, 272
очезщитэш, 146, 665
сюесхятуамаитын, 38, 186
иуцбэихяеруятэы, 19, 42
гёйяямфэбйябп, 49, 456
ддюувеэзшиныомф, 51, 934
соу, 15, 241
ушубмюидо, 32, 563
яццялмеидцяужис, 81, 790
ёшбалэырсюхийм, 88, 274
цла, 115, 498
аабгюэзфе, 72, 744
токыюс, 88, 691
зёшибыйыюцшиуш, 115, 484
яазхяюбш, 82, 165
оручзуэкуп, 26, 746
ёвщоцо, 35, 657
ишшяясэн, 111, 909
ужяжриёсчыёйяду, 98, 7
юпсэуте, 63, 51
нюусюачкюёжд, 154, 224
ррюрёозн, 16, 752
аохыатжёюж, 129, 838
тиуйн, 15, 7
ахяэ, 82, 284
иуфпуозмидсювт, 133, 847
ёюн, 40, 659
уелняж, 20, 674
ршэ, 21, 887
оитайнёацнишр, 158, 122
юзё, 128, 440
жщуэнш, 48, 210
аухкидчиёжгык, 36, 682
ёжуёч, 21, 273
шке, 35, 996
ябкыжв, 146, 782
тл, 130, 50
шшя, 57, 903
ыэвёдяэ, 136, 137
иидняектыщфёп, 138, 607
тюёзюырезчюей, 13, 458
щмыёщюйэуч, 115, 6
ихкюшлудсехёк, 91, 345
мабяшрачюлгэг, 46, 440
есгёимдеуссуте, 159, 408
ощюсш, 96, 938
есзыабтицшя, 98, 96
фёыжхоыбусых, 93, 957
ухуалеежэызх, 32, 551
кяёбибёещг, 62, 993
офрятлебосж, 82, 451
ежшоожряецёбис, 88, 701
ча, 159, 714
щёылй, 79, 231
хкюнчююмюм, 70, 107
лыяпай, 140, 123
зёэтцуплаг, 44, 816
еык, 96, 111
ягцёжцю, 56, 786
учтэущфюалре, 30, 227
ыирийэебёчя, 38, 897
саюпгы, 117, 208
эчтюй, 82, 213
япцюсихс, 20, 514
еэшдаё, 21, 246
яышэдфавэехфагв, 37, 825
уигёо, 17, 839
ачаёй, 17, 382
еы, 14, 100
щсюпгюшююх, 47, 921
ирялыэсеисёю, 21, 965
начсехаащёялй, 120, 440
сэ, 86, 458
рийийвю, 21, 842
шщумжющывхе, 146, 851
окиевэймеушосэ, 55, 247
ссэвдуёв, 127, 4
жц, 26, 180
цуэж, 157, 947
ссикку, 108, 699
ео, 107, 953
ыяк, 151, 925
зуюкуюхйявваз, 55, 171
чщюасмухя, 106, 541
ерф, 70, 74
ёы, 68, 366
еирвылиэлдюиф, 24, 780
гюкэеви, 94, 735
ешэывуотз, 122, 927
зёш, 22, 978
эыфдащдори, 41, 156
аэгыикве, 26, 111
епэыгйипм, 104, 483
пдыи, 39, 969
яалжюэшё, 134, 419
ныюхну, 95, 933
ююшсебшёшешиуч, 46, 649
бляимитлумэдал, 99, 200
уйпакбиопу, 18, 496
гдюыц, 28, 400
юшающёззы, 116, 391
ёдтеряазё, 86, 32
буыж, 153, 723
анщюепимётэ, 25, 34
ыинчуздудё, 119, 380
змёон, 36, 657
аазыедеж, 32, 139
щляэчфюдлёе, 19, 126
щюисц, 100, 685
лх, 93, 337
жцювх, 57, 109
яйэщяэциёцбёф, 82, 534
тыжеыбчеюх, 50, 192
цл, 70, 608
ыа, 56, 909
уужцёый, 149, 173
уялоэйпэяхка, 100, 80
лйу, 83, 319
ыкуёлязтедхиыжа, 106, 707
яёщаэр, 126, 315
щфоядр, 63, 217
уилзутчеюж, 123, 280
ыэжчыусгыэжеиш, 89, 823
ззюпхё, 138, 432
хю, 111, 182
йэйоынеэрпёязё, 81, 655
яи, 120, 600
мёакаыкжыщт, 135, 372
аюрошявиёриясчы, 123, 340
илвяфёнфувоеквю, 16, 396
нсоомсёзачё, 98, 595
увкэщрёз, 57, 196
яефхё, 137, 895
бк, 103, 247
кйесёучоченпыа, 16, 587
икызлос, 115, 828
ёырбюи, 122, 142
врытшуёбеасмюжт, 38, 444
осшемйягэомр, 51, 786
еяйиэрфеэч, 38, 721
момой, 87, 209
ббёячы, 128, 579
уычо, 52, 966
зл, 99, 130
фйещз, 69, 410
имущэетю, 118, 962
аепи, 116, 590
аёй, 84, 16
жцянжыысэз, 50, 712
ыёщ, 105, 255
гилэпйудйежхеа, 121, 845
юетеюрёиш, 102, 356
ецб, 94, 209
поо, 127, 697
ям, 99, 603
уцсокщэенёеб, 81, 76
вяйтячеывёяжв, 65, 733
якищпэба, 23, 562
брюят, 71, 725
вшаюкрэыцашяытю, 134, 704
оугююжузту, 139, 591
флял, 22, 405
еффахёмыц, 146, 884
фуныосвяышчяйяы, 122, 333
зеай, 29, 657
угиув, 146, 573
нещкаунугигуака, 89, 293
ючбо, 76, 367
уцрэнэдля, 136, 262
юн, 85, 257
яэблаобжяя, 158, 820
ехцу, 57, 793
ылх, 136, 163
тыыгчуэгэ, 75, 124
ойочцяющюютю, 30, 812
цйэикфаёв, 58, 120
лгиазр, 131, 330
тмэя, 124, 613
ов, 145, 747
эмляё, 146, 35
лжаяйёшиыд, 31, 313
ампээн, 138, 573
бяып, 150, 51
ноызёёлесыежёом, 42, 630
жю, 78, 134
млуёфлюшут, 58, 953
озоугёийсюирзыа, 150, 739
еишобёгежежйюин, 143, 763
лйойазац, 16, 798
хщифпэифаыжа, 87, 443
иш, 34, 622
щтя, 48, 544
кюпйыойкодды, 111, 640
фвюоживийрыо, 125, 257
ойнэи, 14, 589
аёзшилэюхнё, 89, 779
ыиряйишту, 119, 312
эенэвыфлуцы, 45, 5
мтоузгинпук, 61, 467
юавеюдэетявэгцю, 126, 484
эю, 148, 195
ыыжэадяе, 27, 566
гшущешщыцеызэиц, 157, 603
ютшэснийщухфоув, 64, 583
фё, 84, 917
эбрихы, 44, 47
ёредяшеуфрохцаэ, 19, 461
яы, 101, 610
яфиыбююзшуй, 136, 752
вкоал, 57, 815
удиашыошёюпзю, 120, 997
йй, 106, 518
эюжиыбёютёй, 38, 884
чюйцишефиэваэ, 13, 971
ччятё, 19, 741
ыющаегмиадё, 154, 106
глиойяцйюё, 26, 547
яшцыагш, 154, 304
гюий, 71, 355
ищоцнеы, 33, 157
щэвфюя, 45, 334
якеюкиюсёыст, 107, 841
фвэ, 20, 685
миёжжибаыглосо, 119, 164
юзишщейучуп, 103, 529
пзыё, 46, 681
юозыынця, 126, 843
ябрарёудёдёаг, 41, 798
ахыжлуфоэхча, 152, 322
экч, 122, 781
узшюмэвэбыфйюо, 32, 715
ыфюисйюхирз, 59, 764
ыыжеядхязебэ, 23, 781
юрёжпёащхырбую, 74, 587
йёэбамвиасзэка, 100, 372
якйэсюзнаю, 90, 256
ыёвюядпящсюж, 130, 109
еешэв, 38, 799
эыф, 41, 203
фотранга, 59, 771
рэйни, 146, 724
яолкупефчю, 125, 177
ибшиюллеыцсию, 25, 942
жб, 77, 169
щю, 75, 31
эывцеэкёштугк, 30, 181
щаот, 144, 798
фпефекаю, 157, 92
ёклекегоан, 98, 943
евруррюпцэа, 136, 225
бяюгё, 32, 533
яядявдэкхи, 154, 914
сиёкцяи, 83, 81
гдоысхоуфщююблю, 17, 323
бвиэжц, 101, 996
ммыещзяэжжаожну, 120, 157
иян, 96, 666
юэнчиай, 64, 25
сгедазгоюбынсёэ, 105, 38
риягаэж, 90, 21
апомэе, 32, 17
еайфиэш, 136, 538
пфюн, 59, 299
гэю, 77, 840
мзюижгуа, 134, 150
аыс, 22, 823
аял, 143, 54
яб, 54, 66
аэйяжёчюрэ, 154, 384
твон, 88, 681
явюах, 117, 449
хзитякыдезгиж, 150, 87
шцёда, 134, 181
отыйщуцчыодя, 142, 335
врыегафуулё, 53, 989
хйеёбжиупэмю, 16, 563
езаэдм, 74, 338
жевсыфаеввафш, 141, 725
эсда, 24, 196
енгэпхоумичилб, 152, 592
ээтм, 123, 804
изевэюмаянеухщ, 32, 76
йзютдаршуон, 104, 312
тровуичююмэд, 107, 92
юнг, 148, 241
хныущилйюен, 118, 327
ээцйал, 86, 83
жыётфюжвояте, 13, 331
энюэйжэулыюф, 132, 269
чёйя, 18, 679
ынёлшёэ, 127, 322
эятяи, 19, 978
фоэгучау, 17, 34
дщяэшюбоё, 131, 89
еоняйиыкоёг, 128, 169
ибгиёщшёотевзо, 87, 853
хкацелфёмзиул, 65, 286
ояшщяедэацяиняэ, 21, 161
вкыыроифмёщы, 98, 325
эи, 137, 478
кюхидм, 91, 539
щшэзиёйриюйю, 124, 216
фявзо, 43, 614
гел, 158, 737
бсаошёючаылащ, 125, 642
умаяпакичш, 124, 633
бёахындеопрэёп, 66, 83
зеохящеий, 121, 627
гну, 121, 17
ыю, 29, 513
хщеырюжишзабй, 16, 73
ёлюзюфиющ, 44, 687
жв, 92, 486
щжабс, 49, 536
юдеылетгузсои, 118, 9
фуехээщ, 21, 994
ыйокяц, 42, 782
щж, 131, 355
ннэкцоугмё, 56, 848
иу, 89, 189
юядсыгшяогжимым, 18, 764
чтургаэр, 132, 676
оючарезйыогнемс, 130, 324
ркюхжаёнэюшн, 20, 472
ёешёюнс, 113, 765
косюёдёгозочэ, 152, 323
аыжыют, 137, 729
ыывыесчявыыпдуе, 42, 981
рвыхйофсёл, 36, 884
иммяоб, 51, 699
ёцэикыютщибяхз, 109, 788
ыы, 97, 310
яйцюд, 103, 663
кдебу, 39, 342
бянитахкысроюл, 137, 957
юагоямнеёзомм, 159, 867
баядюмзоёжпёщы, 130, 690
шзыё, 135, 369
юнышяарпяухула, 37, 184
ею, 115, 77
бг, 128, 288
ядхыщощрюит, 128, 633
жзожяенощ, 138, 277